Position,Name,ID,Roster Position,Salary,Game Info,TeamAbbrev,AvgPointsPerGame
QB,Jalen Hurts,1001,QB,10800,PHI@CHI 09/28/2026 08:15PM ET,PHI,22.4
RB,Saquon Barkley,1002,RB,9800,PHI@CHI 09/28/2026 08:15PM ET,PHI,18.1
WR,A.J. Brown,1003,WR,9200,PHI@CHI 09/28/2026 08:15PM ET,PHI,15.6
WR,DeVonta Smith,1004,WR,8600,PHI@CHI 09/28/2026 08:15PM ET,PHI,14.8
TE,Dallas Goedert,1005,TE,5200,PHI@CHI 09/28/2026 08:15PM ET,PHI,9.4
TE,Zach Ertz,1006,TE,3800,PHI@CHI 09/28/2026 08:15PM ET,PHI,6.2
K,Jake Elliott,1007,K,4800,PHI@CHI 09/28/2026 08:15PM ET,PHI,8.1
DST,Philadelphia DST,1008,DST,4200,PHI@CHI 09/28/2026 08:15PM ET,PHI,7.3
RB,Kenneth Gainwell,1009,RB,4200,PHI@CHI 09/28/2026 08:15PM ET,PHI,6.8
WR,Jahan Dotson,1010,WR,3600,PHI@CHI 09/28/2026 08:15PM ET,PHI,5.1
WR,Johnny Wilson,1011,WR,3000,PHI@CHI 09/28/2026 08:15PM ET,PHI,2.4
TE,Grant Calcaterra,1012,TE,2800,PHI@CHI 09/28/2026 08:15PM ET,PHI,3.1
QB,Tanner McKee,1013,QB,5000,PHI@CHI 09/28/2026 08:15PM ET,PHI,1.2
RB,Will Shipley,1014,RB,3200,PHI@CHI 09/28/2026 08:15PM ET,PHI,3.8
WR,Ainias Smith,1015,WR,2600,PHI@CHI 09/28/2026 08:15PM ET,PHI,1.8
TE,Kylen Granson,1016,TE,2400,PHI@CHI 09/28/2026 08:15PM ET,PHI,1.5
QB,Caleb Williams,2001,QB,10200,PHI@CHI 09/28/2026 08:15PM ET,CHI,19.8
RB,D'Andre Swift,2002,RB,7400,PHI@CHI 09/28/2026 08:15PM ET,CHI,13.2
WR,Rome Odunze,2003,WR,6800,PHI@CHI 09/28/2026 08:15PM ET,CHI,11.4
WR,Luther Burden III,2004,WR,5200,PHI@CHI 09/28/2026 08:15PM ET,CHI,8.8
TE,Cole Kmet,2005,TE,4600,PHI@CHI 09/28/2026 08:15PM ET,CHI,8.2
K,Cairo Santos,2006,K,4600,PHI@CHI 09/28/2026 08:15PM ET,CHI,7.9
DST,Chicago DST,2007,DST,4000,PHI@CHI 09/28/2026 08:15PM ET,CHI,6.8
RB,Kyle Monangai,2008,RB,4400,PHI@CHI 09/28/2026 08:15PM ET,CHI,7.1
WR,Olamide Zaccheaus,2009,WR,3400,PHI@CHI 09/28/2026 08:15PM ET,CHI,4.6
QB,Case Keenum,2010,QB,5000,PHI@CHI 09/28/2026 08:15PM ET,CHI,2.1
TE,Durham Smythe,2011,TE,2600,PHI@CHI 09/28/2026 08:15PM ET,CHI,2.8
WR,Devin Duvernay,2012,WR,2800,PHI@CHI 09/28/2026 08:15PM ET,CHI,2.2
RB,Roschon Johnson,2013,RB,3600,PHI@CHI 09/28/2026 08:15PM ET,CHI,5.4
WR,Mehki Flowers,2014,WR,2200,PHI@CHI 09/28/2026 08:15PM ET,CHI,1.1
TE,Stephen Carlson,2015,TE,2000,PHI@CHI 09/28/2026 08:15PM ET,CHI,0.8
QB,Tyson Bagent,2016,QB,4800,PHI@CHI 09/28/2026 08:15PM ET,CHI,1.4
