CPT,FLEX,FLEX,FLEX,FLEX,FLEX
Jalen Hurts (44282459),Zach Ertz (44282430),Cairo Santos (44282422),Kyle Monangai (44282418),D'Andre Swift (44282407),DeVonta Smith (44282404)
Jalen Hurts (44282459),Cole Kmet (44282428),DeVonta Smith (44282404),Zach Ertz (44282430),Saquon Barkley (44282406),Kyle Monangai (44282418)
Jalen Hurts (44282459),D'Andre Swift (44282407),Saquon Barkley (44282406),Cairo Santos (44282422),Zach Ertz (44282430),Kyle Monangai (44282418)
Jalen Hurts (44282459),Darius Cooper (44282433),Saquon Barkley (44282406),Kyle Monangai (44282418),Cairo Santos (44282422),DeVonta Smith (44282404)
Jalen Hurts (44282459),DeVonta Smith (44282404),Zach Ertz (44282430),Kalif Raymond (44282426),D'Andre Swift (44282407),Kyle Monangai (44282418)
DeVonta Smith (44282460),Cairo Santos (44282422),Kyle Monangai (44282418),Jalen Hurts (44282403),Zach Ertz (44282430),Saquon Barkley (44282406)
Saquon Barkley (44282462),Zach Ertz (44282430),Rome Odunze (44282411),D'Andre Swift (44282407),Jalen Hurts (44282403),Cairo Santos (44282422)
Jalen Hurts (44282459),D'Andre Swift (44282407),Kyle Monangai (44282418),Cole Kmet (44282428),Dontayvion Wicks (44282423),DeVonta Smith (44282404)
Jalen Hurts (44282459),Saquon Barkley (44282406),Kalif Raymond (44282426),Kyle Monangai (44282418),DeVonta Smith (44282404),Cole Kmet (44282428)
Jalen Hurts (44282459),Kyle Monangai (44282418),DeVonta Smith (44282404),Darius Cooper (44282433),D'Andre Swift (44282407),Cairo Santos (44282422)
Jalen Hurts (44282459),D'Andre Swift (44282407),Kyle Monangai (44282418),Saquon Barkley (44282406),Luther Burden III (44282410),Elijah Moore (44282437)
DeVonta Smith (44282460),Kyle Monangai (44282418),Jalen Hurts (44282403),Saquon Barkley (44282406),Cole Kmet (44282428),Cairo Santos (44282422)
Jalen Hurts (44282459),DeVonta Smith (44282404),Dontayvion Wicks (44282423),Rome Odunze (44282411),Cairo Santos (44282422),Kyle Monangai (44282418)
DeVonta Smith (44282460),Kalif Raymond (44282426),Kyle Monangai (44282418),Jahdae Walker (44282431),Saquon Barkley (44282406),Jalen Hurts (44282403)
DeVonta Smith (44282460),Cole Kmet (44282428),Cairo Santos (44282422),Jalen Hurts (44282403),D'Andre Swift (44282407),Kyle Monangai (44282418)
D'Andre Swift (44282463),Saquon Barkley (44282406),Jalen Hurts (44282403),Kyle Monangai (44282418),Rome Odunze (44282411),Roschon Johnson (44282435)
Jalen Hurts (44282459),Bears  (44282425),Saquon Barkley (44282406),DeVonta Smith (44282404),Kyle Monangai (44282418),Cole Kmet (44282428)
DeVonta Smith (44282460),Saquon Barkley (44282406),Jahdae Walker (44282431),Cole Kmet (44282428),Rome Odunze (44282411),Jalen Hurts (44282403)
Saquon Barkley (44282462),DeVonta Smith (44282404),Cairo Santos (44282422),Jahdae Walker (44282431),Rome Odunze (44282411),D'Andre Swift (44282407)
Jalen Hurts (44282459),Cairo Santos (44282422),Tank Bigsby (44282420),Kyle Monangai (44282418),Saquon Barkley (44282406),Rome Odunze (44282411)
